{"train_loss": 0.6263922765254974, "_timestamp": 1702338335.8322802, "_runtime": 72.36244821548462, "_step": 2, "val_loss": 0.5873796236515045, "val_acc": 74.5, "_wandb": {"runtime": 87}}