{"train_loss": 0.3702065095305443, "_timestamp": 1701650246.308902, "_runtime": 451.8764989376068, "_step": 94, "val_loss": 1.9343521197636921, "val_acc": 50.0, "_wandb": {"runtime": 451}}