{"train_loss": 0.5608442482352257, "_timestamp": 1701193711.8553839, "_runtime": 596.1747579574585, "_step": 11, "val_loss": 0.6319507479667663, "val_acc": 65.0, "_wandb": {"runtime": 644}}