{"train_loss": 0.6002510135173798, "_timestamp": 1701194146.121079, "_runtime": 189.24811506271362, "_step": 4, "val_loss": 0.990444483757019, "val_acc": 48.5, "_wandb": {"runtime": 191}}